<?xml version="1.0" encoding="UTF-8"?>
<metadata xml:lang="en"><Esri><CreaDate>20180116</CreaDate><CreaTime>15230000</CreaTime><ArcGISFormat>1.0</ArcGISFormat><SyncOnce>TRUE</SyncOnce><DataProperties><lineage><Process ToolSource="c:\program files (x86)\arcgis\desktop10.5\ArcToolbox\Toolboxes\Data Management Tools.tbx\CalculateField" Date="20170823" Time="073228">CalculateField Bond_Projects Type "PDD Commerce Corridor" VB #</Process><Process ToolSource="c:\program files (x86)\arcgis\desktop10.5\ArcToolbox\Toolboxes\Data Management Tools.tbx\CalculateField" Date="20170823" Time="073316">CalculateField Bond_Projects Type "PDD Retail Corridor" VB #</Process><Process ToolSource="c:\program files (x86)\arcgis\desktop10.5\ArcToolbox\Toolboxes\Data Management Tools.tbx\CalculateField" Date="20170829" Time="095842">CalculateField Bond_Projects RoadOwnership "City" VB #</Process><Process ToolSource="c:\program files (x86)\arcgis\desktop10.5\ArcToolbox\Toolboxes\Data Management Tools.tbx\CalculateField" Date="20170829" Time="095916">CalculateField Bond_Projects RoadOwnership "County" VB #</Process><Process ToolSource="c:\program files (x86)\arcgis\desktop10.5\ArcToolbox\Toolboxes\Data Management Tools.tbx\CalculateField" Date="20170829" Time="095935">CalculateField Bond_Projects RoadOwnership "City" VB #</Process><Process ToolSource="c:\program files (x86)\arcgis\desktop10.5\ArcToolbox\Toolboxes\Data Management Tools.tbx\CalculateField" Date="20170830" Time="122547">CalculateField "Bond_Projects (ownership)" Notes "Added per Julio 8/30/2017" VB #</Process><Process ToolSource="c:\program files (x86)\arcgis\desktop10.5\ArcToolbox\Toolboxes\Data Management Tools.tbx\DeleteField" Date="20170908" Time="130540">DeleteField Bond_Projects ProjectOrder;Project_Title;Neighborhood;Project_Type;Act_51_Designation;Intersection_1;Intersection_2;Project_Description;Project_Mileage;Phase;Phase_Start_Date;Phase_End_Date;MAPYEAR;Opt2_Construction_Start;Opt2_Construction_End;Opt2_Project_Cost;Opt2_MAPYEAR</Process></lineage><itemProps><itemLocation><linkage Sync="TRUE">file://\\COD2UA70325SCD\C$\Users\schultzt\Desktop\Bond.gdb</linkage><protocol Sync="TRUE">Local Area Network</protocol></itemLocation></itemProps></DataProperties></Esri></metadata>
